{
  "config": {
    "model": "hf-causal-experimental",
    "model_args": "pretrained=resources/models/llama_2_70b_hf_mt_ml1_merged,load_in_8bit=True",
    "num_fewshot": 0,
    "batch_size": 16,
    "batch_sizes": [],
    "device": "cuda",
    "no_cache": false,
    "limit": null,
    "bootstrap_iters": 100000,
    "description_dict": null
  },
  "results": {
    "pawsx_de": {
      "acc": 0.6595,
      "acc_stderr": 0.010598869893602357
    },
    "pawsx_en": {
      "acc": 0.668,
      "acc_stderr": 0.010532970698519353
    },
    "pawsx_es": {
      "acc": 0.6395,
      "acc_stderr": 0.010739066010104792
    },
    "pawsx_fr": {
      "acc": 0.581,
      "acc_stderr": 0.011035415270622923
    },
    "pawsx_ja": {
      "acc": 0.5545,
      "acc_stderr": 0.011116504096687395
    },
    "pawsx_ko": {
      "acc": 0.5685,
      "acc_stderr": 0.011077690761900854
    },
    "pawsx_zh": {
      "acc": 0.592,
      "acc_stderr": 0.010992197878818586
    },
    "xnli_bg": {
      "acc": 0.4477045908183633,
      "acc_stderr": 0.007025964880868371
    },
    "xnli_de": {
      "acc": 0.4930139720558882,
      "acc_stderr": 0.007064022814920457
    },
    "xnli_el": {
      "acc": 0.4303393213572854,
      "acc_stderr": 0.006995811852811748
    },
    "xnli_en": {
      "acc": 0.5624750499001996,
      "acc_stderr": 0.007009346470228519
    },
    "xnli_es": {
      "acc": 0.4624750499001996,
      "acc_stderr": 0.007044788381915981
    },
    "xnli_fr": {
      "acc": 0.5005988023952096,
      "acc_stderr": 0.007064707363006159
    },
    "xnli_hi": {
      "acc": 0.4347305389221557,
      "acc_stderr": 0.0070042609945927085
    },
    "xnli_ru": {
      "acc": 0.47365269461077847,
      "acc_stderr": 0.007054897239835093
    },
    "xnli_zh": {
      "acc": 0.34970059880239523,
      "acc_stderr": 0.006737974284938399
    },
    "xwinograd_en": {
      "acc": 0.8929032258064517,
      "acc_stderr": 0.006414640605089414
    },
    "xwinograd_fr": {
      "acc": 0.7710843373493976,
      "acc_stderr": 0.046396131309998374
    },
    "xwinograd_jp": {
      "acc": 0.8123044838373306,
      "acc_stderr": 0.012615475359826168
    },
    "xwinograd_pt": {
      "acc": 0.8250950570342205,
      "acc_stderr": 0.02346942170810053
    },
    "xwinograd_ru": {
      "acc": 0.7047619047619048,
      "acc_stderr": 0.025742017645837018
    },
    "xwinograd_zh": {
      "acc": 0.7896825396825397,
      "acc_stderr": 0.018171046497690274
    }
  },
  "versions": {
    "pawsx_de": 0,
    "pawsx_en": 0,
    "pawsx_es": 0,
    "pawsx_fr": 0,
    "pawsx_ja": 0,
    "pawsx_ko": 0,
    "pawsx_zh": 0,
    "xnli_bg": 0,
    "xnli_de": 0,
    "xnli_el": 0,
    "xnli_en": 0,
    "xnli_es": 0,
    "xnli_fr": 0,
    "xnli_hi": 0,
    "xnli_ru": 0,
    "xnli_zh": 0,
    "xwinograd_en": 0,
    "xwinograd_fr": 0,
    "xwinograd_jp": 0,
    "xwinograd_pt": 0,
    "xwinograd_ru": 0,
    "xwinograd_zh": 0
  },
  "time_taken": 78479.0691974163
}