{
  "config": {
    "model": "hf-causal",
    "model_args": "pretrained=resources/models/llama_2_7b_hf_mt_ml2_merged,dtype=float16",
    "num_fewshot": 0,
    "batch_size": 32,
    "batch_sizes": [],
    "device": "cuda",
    "no_cache": false,
    "limit": null,
    "bootstrap_iters": 100000,
    "description_dict": null
  },
  "results": {
    "pawsx_de": {
      "acc": 0.651,
      "acc_stderr": 0.01066097219600938
    },
    "pawsx_en": {
      "acc": 0.6925,
      "acc_stderr": 0.010321101567603201
    },
    "pawsx_es": {
      "acc": 0.677,
      "acc_stderr": 0.010458976771058915
    },
    "pawsx_fr": {
      "acc": 0.6165,
      "acc_stderr": 0.01087533960415747
    },
    "pawsx_ja": {
      "acc": 0.4925,
      "acc_stderr": 0.011181877847485998
    },
    "pawsx_ko": {
      "acc": 0.51,
      "acc_stderr": 0.011180899170152973
    },
    "pawsx_zh": {
      "acc": 0.5895,
      "acc_stderr": 0.011002518016406625
    },
    "xnli_bg": {
      "acc": 0.43832335329341315,
      "acc_stderr": 0.007010757943454269
    },
    "xnli_de": {
      "acc": 0.4782435129740519,
      "acc_stderr": 0.007058021171781046
    },
    "xnli_el": {
      "acc": 0.3652694610778443,
      "acc_stderr": 0.00680339776716209
    },
    "xnli_en": {
      "acc": 0.5726546906187625,
      "acc_stderr": 0.006989729452142621
    },
    "xnli_es": {
      "acc": 0.4413173652694611,
      "acc_stderr": 0.0070158868913520285
    },
    "xnli_fr": {
      "acc": 0.5041916167664671,
      "acc_stderr": 0.007064464175888197
    },
    "xnli_hi": {
      "acc": 0.3898203592814371,
      "acc_stderr": 0.006891053145203326
    },
    "xnli_ru": {
      "acc": 0.43313373253493015,
      "acc_stderr": 0.007001253378295777
    },
    "xnli_zh": {
      "acc": 0.3534930139720559,
      "acc_stderr": 0.006754629196407288
    },
    "xwinograd_en": {
      "acc": 0.8834408602150537,
      "acc_stderr": 0.006656467960805351
    },
    "xwinograd_fr": {
      "acc": 0.6867469879518072,
      "acc_stderr": 0.05121994210658144
    },
    "xwinograd_jp": {
      "acc": 0.7090719499478624,
      "acc_stderr": 0.014674225758544697
    },
    "xwinograd_pt": {
      "acc": 0.7300380228136882,
      "acc_stderr": 0.027426689796728777
    },
    "xwinograd_ru": {
      "acc": 0.692063492063492,
      "acc_stderr": 0.026051860027264458
    },
    "xwinograd_zh": {
      "acc": 0.7003968253968254,
      "acc_stderr": 0.020424963888406058
    }
  },
  "versions": {
    "pawsx_de": 0,
    "pawsx_en": 0,
    "pawsx_es": 0,
    "pawsx_fr": 0,
    "pawsx_ja": 0,
    "pawsx_ko": 0,
    "pawsx_zh": 0,
    "xnli_bg": 0,
    "xnli_de": 0,
    "xnli_el": 0,
    "xnli_en": 0,
    "xnli_es": 0,
    "xnli_fr": 0,
    "xnli_hi": 0,
    "xnli_ru": 0,
    "xnli_zh": 0,
    "xwinograd_en": 0,
    "xwinograd_fr": 0,
    "xwinograd_jp": 0,
    "xwinograd_pt": 0,
    "xwinograd_ru": 0,
    "xwinograd_zh": 0
  },
  "time_taken": 15996.156218290329
}