{
  "config": {
    "model": "hf-causal",
    "model_args": "pretrained=meta-llama/Llama-2-7b-hf,dtype=float16",
    "num_fewshot": 0,
    "batch_size": 32,
    "batch_sizes": [],
    "device": "cuda",
    "no_cache": false,
    "limit": null,
    "bootstrap_iters": 100000,
    "description_dict": null
  },
  "results": {
    "pawsx_de": {
      "acc": 0.6375,
      "acc_stderr": 0.01075196155771899
    },
    "pawsx_en": {
      "acc": 0.686,
      "acc_stderr": 0.010380552872509559
    },
    "pawsx_es": {
      "acc": 0.651,
      "acc_stderr": 0.010660972196009385
    },
    "pawsx_fr": {
      "acc": 0.5855,
      "acc_stderr": 0.011018419931591757
    },
    "pawsx_ja": {
      "acc": 0.4995,
      "acc_stderr": 0.01118313042949519
    },
    "pawsx_ko": {
      "acc": 0.52,
      "acc_stderr": 0.011174185930778315
    },
    "pawsx_zh": {
      "acc": 0.5805,
      "acc_stderr": 0.011037245371590673
    },
    "xnli_bg": {
      "acc": 0.4099800399201597,
      "acc_stderr": 0.0069492701140646
    },
    "xnli_de": {
      "acc": 0.4656686626746507,
      "acc_stderr": 0.0070480392388726255
    },
    "xnli_el": {
      "acc": 0.36367265469061877,
      "acc_stderr": 0.006797044307917862
    },
    "xnli_en": {
      "acc": 0.5672654690618762,
      "acc_stderr": 0.007000489910584903
    },
    "xnli_es": {
      "acc": 0.41976047904191616,
      "acc_stderr": 0.006973148443615149
    },
    "xnli_fr": {
      "acc": 0.5005988023952096,
      "acc_stderr": 0.007064707363006161
    },
    "xnli_hi": {
      "acc": 0.3840319361277445,
      "acc_stderr": 0.0068720649105853135
    },
    "xnli_ru": {
      "acc": 0.4291417165668663,
      "acc_stderr": 0.006993410235192064
    },
    "xnli_zh": {
      "acc": 0.35768463073852297,
      "acc_stderr": 0.006772496368524905
    },
    "xwinograd_en": {
      "acc": 0.8795698924731182,
      "acc_stderr": 0.006751257189226947
    },
    "xwinograd_fr": {
      "acc": 0.6626506024096386,
      "acc_stderr": 0.05221260262032129
    },
    "xwinograd_jp": {
      "acc": 0.7017726798748697,
      "acc_stderr": 0.01478050208254868
    },
    "xwinograd_pt": {
      "acc": 0.7224334600760456,
      "acc_stderr": 0.02766507401028684
    },
    "xwinograd_ru": {
      "acc": 0.6857142857142857,
      "acc_stderr": 0.02619805774402641
    },
    "xwinograd_zh": {
      "acc": 0.7063492063492064,
      "acc_stderr": 0.020306792341159757
    }
  },
  "versions": {
    "pawsx_de": 0,
    "pawsx_en": 0,
    "pawsx_es": 0,
    "pawsx_fr": 0,
    "pawsx_ja": 0,
    "pawsx_ko": 0,
    "pawsx_zh": 0,
    "xnli_bg": 0,
    "xnli_de": 0,
    "xnli_el": 0,
    "xnli_en": 0,
    "xnli_es": 0,
    "xnli_fr": 0,
    "xnli_hi": 0,
    "xnli_ru": 0,
    "xnli_zh": 0,
    "xwinograd_en": 0,
    "xwinograd_fr": 0,
    "xwinograd_jp": 0,
    "xwinograd_pt": 0,
    "xwinograd_ru": 0,
    "xwinograd_zh": 0
  },
  "time_taken": 12570.645101308823
}