{
  "config": {
    "model": "hf-causal-experimental",
    "model_args": "pretrained=resources/models/llama_2_70b_hf_mt_ml2_merged,load_in_8bit=True",
    "num_fewshot": 0,
    "batch_size": 16,
    "batch_sizes": [],
    "device": "cuda",
    "no_cache": false,
    "limit": null,
    "bootstrap_iters": 100000,
    "description_dict": null
  },
  "results": {
    "pawsx_de": {
      "acc": 0.6685,
      "acc_stderr": 0.010528974529949428
    },
    "pawsx_en": {
      "acc": 0.668,
      "acc_stderr": 0.01053297069851935
    },
    "pawsx_es": {
      "acc": 0.6295,
      "acc_stderr": 0.01080153746490735
    },
    "pawsx_fr": {
      "acc": 0.5825,
      "acc_stderr": 0.011029855114729361
    },
    "pawsx_ja": {
      "acc": 0.5475,
      "acc_stderr": 0.011132557743886098
    },
    "pawsx_ko": {
      "acc": 0.5735,
      "acc_stderr": 0.011061647934531037
    },
    "pawsx_zh": {
      "acc": 0.587,
      "acc_stderr": 0.011012544577391417
    },
    "xnli_bg": {
      "acc": 0.4497005988023952,
      "acc_stderr": 0.00702887366019327
    },
    "xnli_de": {
      "acc": 0.49161676646706587,
      "acc_stderr": 0.007063719363258264
    },
    "xnli_el": {
      "acc": 0.4313373253493014,
      "acc_stderr": 0.006997781314386595
    },
    "xnli_en": {
      "acc": 0.5580838323353293,
      "acc_stderr": 0.007016881626070818
    },
    "xnli_es": {
      "acc": 0.47125748502994014,
      "acc_stderr": 0.007053029997722175
    },
    "xnli_fr": {
      "acc": 0.49580838323353293,
      "acc_stderr": 0.007064464175888202
    },
    "xnli_hi": {
      "acc": 0.436127744510978,
      "acc_stderr": 0.007006832004922492
    },
    "xnli_ru": {
      "acc": 0.47684630738522954,
      "acc_stderr": 0.00705713367164529
    },
    "xnli_zh": {
      "acc": 0.35129740518962077,
      "acc_stderr": 0.0067450437768289484
    },
    "xwinograd_en": {
      "acc": 0.8920430107526882,
      "acc_stderr": 0.006437247654595442
    },
    "xwinograd_fr": {
      "acc": 0.7831325301204819,
      "acc_stderr": 0.04551011283857878
    },
    "xwinograd_jp": {
      "acc": 0.8269030239833159,
      "acc_stderr": 0.012223322658625746
    },
    "xwinograd_pt": {
      "acc": 0.8136882129277566,
      "acc_stderr": 0.024054621770299676
    },
    "xwinograd_ru": {
      "acc": 0.6952380952380952,
      "acc_stderr": 0.02597659935230538
    },
    "xwinograd_zh": {
      "acc": 0.7956349206349206,
      "acc_stderr": 0.017979444509028913
    }
  },
  "versions": {
    "pawsx_de": 0,
    "pawsx_en": 0,
    "pawsx_es": 0,
    "pawsx_fr": 0,
    "pawsx_ja": 0,
    "pawsx_ko": 0,
    "pawsx_zh": 0,
    "xnli_bg": 0,
    "xnli_de": 0,
    "xnli_el": 0,
    "xnli_en": 0,
    "xnli_es": 0,
    "xnli_fr": 0,
    "xnli_hi": 0,
    "xnli_ru": 0,
    "xnli_zh": 0,
    "xwinograd_en": 0,
    "xwinograd_fr": 0,
    "xwinograd_jp": 0,
    "xwinograd_pt": 0,
    "xwinograd_ru": 0,
    "xwinograd_zh": 0
  },
  "time_taken": 77265.23948478699
}