{
  "config": {
    "model": "hf-causal-experimental",
    "model_args": "pretrained=resources/models/llama_2_70b_hf_mt_ml5_merged,load_in_8bit=True",
    "num_fewshot": 0,
    "batch_size": 16,
    "batch_sizes": [],
    "device": "cuda",
    "no_cache": false,
    "limit": null,
    "bootstrap_iters": 100000,
    "description_dict": null
  },
  "results": {
    "pawsx_de": {
      "acc": 0.635,
      "acc_stderr": 0.010767797952059082
    },
    "pawsx_en": {
      "acc": 0.6855,
      "acc_stderr": 0.0103850276552208
    },
    "pawsx_es": {
      "acc": 0.647,
      "acc_stderr": 0.010688902016257782
    },
    "pawsx_fr": {
      "acc": 0.5815,
      "acc_stderr": 0.011033573531383034
    },
    "pawsx_ja": {
      "acc": 0.5395,
      "acc_stderr": 0.01114818442653329
    },
    "pawsx_ko": {
      "acc": 0.5785,
      "acc_stderr": 0.011044449507896278
    },
    "pawsx_zh": {
      "acc": 0.5835,
      "acc_stderr": 0.011026090074507984
    },
    "xnli_bg": {
      "acc": 0.45269461077844314,
      "acc_stderr": 0.007033022529432373
    },
    "xnli_de": {
      "acc": 0.49540918163672654,
      "acc_stderr": 0.007064414636745471
    },
    "xnli_el": {
      "acc": 0.4341317365269461,
      "acc_stderr": 0.007003141807937528
    },
    "xnli_en": {
      "acc": 0.5602794411177645,
      "acc_stderr": 0.007013183674640829
    },
    "xnli_es": {
      "acc": 0.4782435129740519,
      "acc_stderr": 0.007058021171781042
    },
    "xnli_fr": {
      "acc": 0.49221556886227547,
      "acc_stderr": 0.00706385617146553
    },
    "xnli_hi": {
      "acc": 0.4239520958083832,
      "acc_stderr": 0.00698251983196944
    },
    "xnli_ru": {
      "acc": 0.48303393213572854,
      "acc_stderr": 0.0070606441388913884
    },
    "xnli_zh": {
      "acc": 0.356686626746507,
      "acc_stderr": 0.0067682935643592285
    },
    "xwinograd_en": {
      "acc": 0.8920430107526882,
      "acc_stderr": 0.006437247654595442
    },
    "xwinograd_fr": {
      "acc": 0.7831325301204819,
      "acc_stderr": 0.04551011283857878
    },
    "xwinograd_jp": {
      "acc": 0.8279457768508863,
      "acc_stderr": 0.012194131149632368
    },
    "xwinograd_pt": {
      "acc": 0.8136882129277566,
      "acc_stderr": 0.024054621770299676
    },
    "xwinograd_ru": {
      "acc": 0.6888888888888889,
      "acc_stderr": 0.026125675418954504
    },
    "xwinograd_zh": {
      "acc": 0.8075396825396826,
      "acc_stderr": 0.017577962869879213
    }
  },
  "versions": {
    "pawsx_de": 0,
    "pawsx_en": 0,
    "pawsx_es": 0,
    "pawsx_fr": 0,
    "pawsx_ja": 0,
    "pawsx_ko": 0,
    "pawsx_zh": 0,
    "xnli_bg": 0,
    "xnli_de": 0,
    "xnli_el": 0,
    "xnli_en": 0,
    "xnli_es": 0,
    "xnli_fr": 0,
    "xnli_hi": 0,
    "xnli_ru": 0,
    "xnli_zh": 0,
    "xwinograd_en": 0,
    "xwinograd_fr": 0,
    "xwinograd_jp": 0,
    "xwinograd_pt": 0,
    "xwinograd_ru": 0,
    "xwinograd_zh": 0
  },
  "time_taken": 75675.07713747025
}