{
  "config": {
    "model": "hf-causal",
    "model_args": "pretrained=resources/models/llama_2_7b_hf_ru_merged,dtype=float16",
    "num_fewshot": 0,
    "batch_size": 32,
    "batch_sizes": [],
    "device": "cuda",
    "no_cache": false,
    "limit": null,
    "bootstrap_iters": 100000,
    "description_dict": null
  },
  "results": {
    "pawsx_de": {
      "acc": 0.654,
      "acc_stderr": 0.01063948303723665
    },
    "pawsx_en": {
      "acc": 0.697,
      "acc_stderr": 0.010278537063322015
    },
    "pawsx_es": {
      "acc": 0.674,
      "acc_stderr": 0.010484128885092772
    },
    "pawsx_fr": {
      "acc": 0.606,
      "acc_stderr": 0.01092893960365916
    },
    "pawsx_ja": {
      "acc": 0.5025,
      "acc_stderr": 0.011182996230990781
    },
    "pawsx_ko": {
      "acc": 0.5235,
      "acc_stderr": 0.011170777418517831
    },
    "pawsx_zh": {
      "acc": 0.5955,
      "acc_stderr": 0.01097725489649082
    },
    "xnli_bg": {
      "acc": 0.437125748502994,
      "acc_stderr": 0.007008633817895685
    },
    "xnli_de": {
      "acc": 0.47724550898203594,
      "acc_stderr": 0.007057392889571967
    },
    "xnli_el": {
      "acc": 0.3776447105788423,
      "acc_stderr": 0.006849918112610376
    },
    "xnli_en": {
      "acc": 0.5702594810379241,
      "acc_stderr": 0.006994616264158268
    },
    "xnli_es": {
      "acc": 0.4365269461077844,
      "acc_stderr": 0.0070075561907941095
    },
    "xnli_fr": {
      "acc": 0.5053892215568863,
      "acc_stderr": 0.007064302046492299
    },
    "xnli_hi": {
      "acc": 0.39221556886227543,
      "acc_stderr": 0.006898611437766005
    },
    "xnli_ru": {
      "acc": 0.43193612774451096,
      "acc_stderr": 0.00699894908823534
    },
    "xnli_zh": {
      "acc": 0.36327345309381237,
      "acc_stderr": 0.006795443310381679
    },
    "xwinograd_en": {
      "acc": 0.884731182795699,
      "acc_stderr": 0.006624353863357482
    },
    "xwinograd_fr": {
      "acc": 0.6626506024096386,
      "acc_stderr": 0.05221260262032129
    },
    "xwinograd_jp": {
      "acc": 0.708029197080292,
      "acc_stderr": 0.014689686963716978
    },
    "xwinograd_pt": {
      "acc": 0.7300380228136882,
      "acc_stderr": 0.027426689796728777
    },
    "xwinograd_ru": {
      "acc": 0.692063492063492,
      "acc_stderr": 0.026051860027264458
    },
    "xwinograd_zh": {
      "acc": 0.6845238095238095,
      "acc_stderr": 0.02072018271174244
    }
  },
  "versions": {
    "pawsx_de": 0,
    "pawsx_en": 0,
    "pawsx_es": 0,
    "pawsx_fr": 0,
    "pawsx_ja": 0,
    "pawsx_ko": 0,
    "pawsx_zh": 0,
    "xnli_bg": 0,
    "xnli_de": 0,
    "xnli_el": 0,
    "xnli_en": 0,
    "xnli_es": 0,
    "xnli_fr": 0,
    "xnli_hi": 0,
    "xnli_ru": 0,
    "xnli_zh": 0,
    "xwinograd_en": 0,
    "xwinograd_fr": 0,
    "xwinograd_jp": 0,
    "xwinograd_pt": 0,
    "xwinograd_ru": 0,
    "xwinograd_zh": 0
  },
  "time_taken": 1177.7489886283875
}