{
  "config": {
    "model": "hf-causal",
    "model_args": "pretrained=resources/models/falcon_7b_ml4_merged,dtype=float16",
    "num_fewshot": 0,
    "batch_size": 32,
    "batch_sizes": [],
    "device": "cuda",
    "no_cache": false,
    "limit": null,
    "bootstrap_iters": 100000,
    "description_dict": null
  },
  "results": {
    "pawsx_de": {
      "acc": 0.5985,
      "acc_stderr": 0.010963985565921715
    },
    "pawsx_en": {
      "acc": 0.64,
      "acc_stderr": 0.01073581058022201
    },
    "pawsx_es": {
      "acc": 0.5745,
      "acc_stderr": 0.01105830086446394
    },
    "pawsx_fr": {
      "acc": 0.5425,
      "acc_stderr": 0.011142663706548615
    },
    "pawsx_ja": {
      "acc": 0.446,
      "acc_stderr": 0.011117724672834362
    },
    "pawsx_ko": {
      "acc": 0.4905,
      "acc_stderr": 0.011181117282805228
    },
    "pawsx_zh": {
      "acc": 0.565,
      "acc_stderr": 0.011088235860011592
    },
    "xnli_bg": {
      "acc": 0.36766467065868264,
      "acc_stderr": 0.006812776750557041
    },
    "xnli_de": {
      "acc": 0.48423153692614773,
      "acc_stderr": 0.007061198352584336
    },
    "xnli_el": {
      "acc": 0.3518962075848303,
      "acc_stderr": 0.0067476734775183235
    },
    "xnli_en": {
      "acc": 0.5698602794411177,
      "acc_stderr": 0.006995414482964233
    },
    "xnli_es": {
      "acc": 0.5055888223552895,
      "acc_stderr": 0.007064271083857856
    },
    "xnli_fr": {
      "acc": 0.5263473053892216,
      "acc_stderr": 0.007054897239835084
    },
    "xnli_hi": {
      "acc": 0.33552894211576845,
      "acc_stderr": 0.006671561788489336
    },
    "xnli_ru": {
      "acc": 0.4293413173652695,
      "acc_stderr": 0.006993813405214717
    },
    "xnli_zh": {
      "acc": 0.36666666666666664,
      "acc_stderr": 0.006808890853440468
    },
    "xnli_vi": {
      "acc": 0.37385229540918163,
      "acc_stderr": 0.00683617082207426
    },
    "xwinograd_en": {
      "acc": 0.8791397849462366,
      "acc_stderr": 0.006761648439355468
    },
    "xwinograd_fr": {
      "acc": 0.7349397590361446,
      "acc_stderr": 0.04874064133109369
    },
    "xwinograd_jp": {
      "acc": 0.6068821689259646,
      "acc_stderr": 0.015780865040470972
    },
    "xwinograd_pt": {
      "acc": 0.7338403041825095,
      "acc_stderr": 0.027303685972946645
    },
    "xwinograd_ru": {
      "acc": 0.6,
      "acc_stderr": 0.027646540655045408
    },
    "xwinograd_zh": {
      "acc": 0.7738095238095238,
      "acc_stderr": 0.018653923879063374
    }
  },
  "versions": {
    "pawsx_de": 0,
    "pawsx_en": 0,
    "pawsx_es": 0,
    "pawsx_fr": 0,
    "pawsx_ja": 0,
    "pawsx_ko": 0,
    "pawsx_zh": 0,
    "xnli_bg": 0,
    "xnli_de": 0,
    "xnli_el": 0,
    "xnli_en": 0,
    "xnli_es": 0,
    "xnli_fr": 0,
    "xnli_hi": 0,
    "xnli_ru": 0,
    "xnli_zh": 0,
    "xnli_vi": 0,
    "xwinograd_en": 0,
    "xwinograd_fr": 0,
    "xwinograd_jp": 0,
    "xwinograd_pt": 0,
    "xwinograd_ru": 0,
    "xwinograd_zh": 0
  },
  "time_taken": 21973.409429311752
}