{
  "config": {
    "model": "hf-causal",
    "model_args": "pretrained=resources/models/falcon_7b_ml5_merged,dtype=float16",
    "num_fewshot": 0,
    "batch_size": 32,
    "batch_sizes": [],
    "device": "cuda",
    "no_cache": false,
    "limit": null,
    "bootstrap_iters": 100000,
    "description_dict": null
  },
  "results": {
    "pawsx_de": {
      "acc": 0.604,
      "acc_stderr": 0.01093854770584086
    },
    "pawsx_en": {
      "acc": 0.6415,
      "acc_stderr": 0.010725968403790004
    },
    "pawsx_es": {
      "acc": 0.5845,
      "acc_stderr": 0.011022278362940813
    },
    "pawsx_fr": {
      "acc": 0.543,
      "acc_stderr": 0.0111417040341408
    },
    "pawsx_ja": {
      "acc": 0.451,
      "acc_stderr": 0.011129305041886322
    },
    "pawsx_ko": {
      "acc": 0.4935,
      "acc_stderr": 0.011182191006142303
    },
    "pawsx_zh": {
      "acc": 0.5715,
      "acc_stderr": 0.01106820344788541
    },
    "xnli_bg": {
      "acc": 0.36806387225548903,
      "acc_stderr": 0.006814322318438526
    },
    "xnli_de": {
      "acc": 0.48363273453093814,
      "acc_stderr": 0.007060926320201872
    },
    "xnli_el": {
      "acc": 0.35588822355289423,
      "acc_stderr": 0.006764908277770047
    },
    "xnli_en": {
      "acc": 0.5700598802395209,
      "acc_stderr": 0.006995015953478781
    },
    "xnli_es": {
      "acc": 0.5057884231536927,
      "acc_stderr": 0.007064238995166632
    },
    "xnli_fr": {
      "acc": 0.5231536926147704,
      "acc_stderr": 0.00705713367164529
    },
    "xnli_hi": {
      "acc": 0.33912175648702597,
      "acc_stderr": 0.006689028372776542
    },
    "xnli_ru": {
      "acc": 0.4315369261477046,
      "acc_stderr": 0.006998171730538884
    },
    "xnli_zh": {
      "acc": 0.3772455089820359,
      "acc_stderr": 0.006848492072593895
    },
    "xwinograd_en": {
      "acc": 0.8795698924731182,
      "acc_stderr": 0.006751257189226947
    },
    "xwinograd_fr": {
      "acc": 0.6987951807228916,
      "acc_stderr": 0.0506639425494172
    },
    "xwinograd_jp": {
      "acc": 0.6131386861313869,
      "acc_stderr": 0.01573527205814043
    },
    "xwinograd_pt": {
      "acc": 0.7300380228136882,
      "acc_stderr": 0.027426689796728774
    },
    "xwinograd_ru": {
      "acc": 0.6,
      "acc_stderr": 0.027646540655045408
    },
    "xwinograd_zh": {
      "acc": 0.7658730158730159,
      "acc_stderr": 0.01888078848507831
    }
  },
  "versions": {
    "pawsx_de": 0,
    "pawsx_en": 0,
    "pawsx_es": 0,
    "pawsx_fr": 0,
    "pawsx_ja": 0,
    "pawsx_ko": 0,
    "pawsx_zh": 0,
    "xnli_bg": 0,
    "xnli_de": 0,
    "xnli_el": 0,
    "xnli_en": 0,
    "xnli_es": 0,
    "xnli_fr": 0,
    "xnli_hi": 0,
    "xnli_ru": 0,
    "xnli_zh": 0,
    "xwinograd_en": 0,
    "xwinograd_fr": 0,
    "xwinograd_jp": 0,
    "xwinograd_pt": 0,
    "xwinograd_ru": 0,
    "xwinograd_zh": 0
  },
  "time_taken": 21779.31863641739
}