{
  "config": {
    "model": "hf-causal",
    "model_args": "pretrained=resources/models/falcon_7b_ml3_merged,dtype=float16",
    "num_fewshot": 0,
    "batch_size": 32,
    "batch_sizes": [],
    "device": "cuda",
    "no_cache": false,
    "limit": null,
    "bootstrap_iters": 100000,
    "description_dict": null
  },
  "results": {
    "pawsx_de": {
      "acc": 0.597,
      "acc_stderr": 0.010970673536247522
    },
    "pawsx_en": {
      "acc": 0.642,
      "acc_stderr": 0.01072266234402056
    },
    "pawsx_es": {
      "acc": 0.5815,
      "acc_stderr": 0.011033573531383026
    },
    "pawsx_fr": {
      "acc": 0.542,
      "acc_stderr": 0.011143612073516636
    },
    "pawsx_ja": {
      "acc": 0.447,
      "acc_stderr": 0.011120131683767737
    },
    "pawsx_ko": {
      "acc": 0.516,
      "acc_stderr": 0.0111774087888749
    },
    "pawsx_zh": {
      "acc": 0.5565,
      "acc_stderr": 0.011111507899646485
    },
    "xnli_bg": {
      "acc": 0.35708582834331337,
      "acc_stderr": 0.006769978523699677
    },
    "xnli_de": {
      "acc": 0.47604790419161674,
      "acc_stderr": 0.007056601681556867
    },
    "xnli_el": {
      "acc": 0.3562874251497006,
      "acc_stderr": 0.006766603483662202
    },
    "xnli_en": {
      "acc": 0.5688622754491018,
      "acc_stderr": 0.006997389739773671
    },
    "xnli_es": {
      "acc": 0.506187624750499,
      "acc_stderr": 0.007064171439550576
    },
    "xnli_fr": {
      "acc": 0.5271457085828344,
      "acc_stderr": 0.007054292920881752
    },
    "xnli_hi": {
      "acc": 0.33712574850299404,
      "acc_stderr": 0.00667937798581251
    },
    "xnli_ru": {
      "acc": 0.42714570858283435,
      "acc_stderr": 0.006989314666639432
    },
    "xnli_zh": {
      "acc": 0.3646706586826347,
      "acc_stderr": 0.006801024686729485
    },
    "xnli_vi": {
      "acc": 0.37465069860279443,
      "acc_stderr": 0.006839102174587377
    },
    "xwinograd_en": {
      "acc": 0.8795698924731182,
      "acc_stderr": 0.006751257189226947
    },
    "xwinograd_fr": {
      "acc": 0.6987951807228916,
      "acc_stderr": 0.0506639425494172
    },
    "xwinograd_jp": {
      "acc": 0.6100104275286757,
      "acc_stderr": 0.015758409155682985
    },
    "xwinograd_pt": {
      "acc": 0.7072243346007605,
      "acc_stderr": 0.02811223926963042
    },
    "xwinograd_ru": {
      "acc": 0.6063492063492063,
      "acc_stderr": 0.027570976518916927
    },
    "xwinograd_zh": {
      "acc": 0.7718253968253969,
      "acc_stderr": 0.01871152533066801
    }
  },
  "versions": {
    "pawsx_de": 0,
    "pawsx_en": 0,
    "pawsx_es": 0,
    "pawsx_fr": 0,
    "pawsx_ja": 0,
    "pawsx_ko": 0,
    "pawsx_zh": 0,
    "xnli_bg": 0,
    "xnli_de": 0,
    "xnli_el": 0,
    "xnli_en": 0,
    "xnli_es": 0,
    "xnli_fr": 0,
    "xnli_hi": 0,
    "xnli_ru": 0,
    "xnli_zh": 0,
    "xnli_vi": 0,
    "xwinograd_en": 0,
    "xwinograd_fr": 0,
    "xwinograd_jp": 0,
    "xwinograd_pt": 0,
    "xwinograd_ru": 0,
    "xwinograd_zh": 0
  },
  "time_taken": 22252.74581003189
}