{
  "config": {
    "model": "hf-causal",
    "model_args": "pretrained=tiiuae/falcon-7b,dtype=float16",
    "num_fewshot": 0,
    "batch_size": 32,
    "batch_sizes": [],
    "device": "cuda",
    "no_cache": false,
    "limit": null,
    "bootstrap_iters": 100000,
    "description_dict": null
  },
  "results": {
    "pawsx_de": {
      "acc": 0.583,
      "acc_stderr": 0.011027978425535505
    },
    "pawsx_en": {
      "acc": 0.6345,
      "acc_stderr": 0.010770927603540937
    },
    "pawsx_es": {
      "acc": 0.5795,
      "acc_stderr": 0.011040870681821413
    },
    "pawsx_fr": {
      "acc": 0.5305,
      "acc_stderr": 0.011162310405413179
    },
    "pawsx_ja": {
      "acc": 0.443,
      "acc_stderr": 0.011110230358066705
    },
    "pawsx_ko": {
      "acc": 0.476,
      "acc_stderr": 0.011170245619215438
    },
    "pawsx_zh": {
      "acc": 0.539,
      "acc_stderr": 0.011149065020234335
    },
    "xnli_bg": {
      "acc": 0.34550898203592817,
      "acc_stderr": 0.0067190210324972405
    },
    "xnli_de": {
      "acc": 0.4688622754491018,
      "acc_stderr": 0.00705099982588131
    },
    "xnli_el": {
      "acc": 0.3528942115768463,
      "acc_stderr": 0.0067520304764183935
    },
    "xnli_en": {
      "acc": 0.5353293413173653,
      "acc_stderr": 0.0070470545455836925
    },
    "xnli_es": {
      "acc": 0.49181636726546907,
      "acc_stderr": 0.007063766092285603
    },
    "xnli_fr": {
      "acc": 0.5069860279441117,
      "acc_stderr": 0.007064022814920454
    },
    "xnli_hi": {
      "acc": 0.33572854291417165,
      "acc_stderr": 0.006672543485924264
    },
    "xnli_ru": {
      "acc": 0.4241516966067864,
      "acc_stderr": 0.006982953245556187
    },
    "xnli_vi": {
      "acc": 0.3710578842315369,
      "acc_stderr": 0.006825754353603392
    },
    "xnli_zh": {
      "acc": 0.3596806387225549,
      "acc_stderr": 0.006780806188906256
    },
    "xwinograd_en": {
      "acc": 0.8817204301075269,
      "acc_stderr": 0.006698880928665471
    },
    "xwinograd_fr": {
      "acc": 0.6987951807228916,
      "acc_stderr": 0.0506639425494172
    },
    "xwinograd_jp": {
      "acc": 0.6152241918665277,
      "acc_stderr": 0.01571946739313727
    },
    "xwinograd_pt": {
      "acc": 0.7376425855513308,
      "acc_stderr": 0.027178095238831284
    },
    "xwinograd_ru": {
      "acc": 0.5619047619047619,
      "acc_stderr": 0.027999533688878378
    },
    "xwinograd_zh": {
      "acc": 0.7956349206349206,
      "acc_stderr": 0.017979444509028913
    }
  },
  "versions": {
    "pawsx_de": 0,
    "pawsx_en": 0,
    "pawsx_es": 0,
    "pawsx_fr": 0,
    "pawsx_ja": 0,
    "pawsx_ko": 0,
    "pawsx_zh": 0,
    "xnli_bg": 0,
    "xnli_de": 0,
    "xnli_el": 0,
    "xnli_en": 0,
    "xnli_es": 0,
    "xnli_fr": 0,
    "xnli_hi": 0,
    "xnli_ru": 0,
    "xnli_vi": 0,
    "xnli_zh": 0,
    "xwinograd_en": 0,
    "xwinograd_fr": 0,
    "xwinograd_jp": 0,
    "xwinograd_pt": 0,
    "xwinograd_ru": 0,
    "xwinograd_zh": 0
  },
  "time_taken": 16655.389759540558
}