{
  "config": {
    "model": "hf-causal",
    "model_args": "pretrained=resources/models/falcon_7b_guanaco_merged,dtype=float16",
    "num_fewshot": 0,
    "batch_size": 32,
    "batch_sizes": [],
    "device": "cuda",
    "no_cache": false,
    "limit": null,
    "bootstrap_iters": 100000,
    "description_dict": null
  },
  "results": {
    "pawsx_de": {
      "acc": 0.596,
      "acc_stderr": 0.010975072943404662
    },
    "pawsx_en": {
      "acc": 0.645,
      "acc_stderr": 0.0107025591512589
    },
    "pawsx_es": {
      "acc": 0.582,
      "acc_stderr": 0.011031720148042079
    },
    "pawsx_fr": {
      "acc": 0.537,
      "acc_stderr": 0.011152474561478179
    },
    "pawsx_ja": {
      "acc": 0.4455,
      "acc_stderr": 0.011116504096687395
    },
    "pawsx_ko": {
      "acc": 0.495,
      "acc_stderr": 0.011182576850283838
    },
    "pawsx_zh": {
      "acc": 0.562,
      "acc_stderr": 0.011096827014281874
    },
    "xnli_bg": {
      "acc": 0.37065868263473056,
      "acc_stderr": 0.006824246340500522
    },
    "xnli_de": {
      "acc": 0.48542914171656687,
      "acc_stderr": 0.007061711975218019
    },
    "xnli_el": {
      "acc": 0.34870259481037924,
      "acc_stderr": 0.006733513693798988
    },
    "xnli_en": {
      "acc": 0.5602794411177645,
      "acc_stderr": 0.00701318367464083
    },
    "xnli_es": {
      "acc": 0.5075848303393213,
      "acc_stderr": 0.007063899521661472
    },
    "xnli_fr": {
      "acc": 0.5195608782435129,
      "acc_stderr": 0.007059304046147469
    },
    "xnli_hi": {
      "acc": 0.3373253493013972,
      "acc_stderr": 0.006680349009656324
    },
    "xnli_ru": {
      "acc": 0.4365269461077844,
      "acc_stderr": 0.0070075561907941165
    },
    "xnli_zh": {
      "acc": 0.36926147704590817,
      "acc_stderr": 0.00681892892601923
    },
    "xnli_vi": {
      "acc": 0.3810379241516966,
      "acc_stderr": 0.006861840290189766
    },
    "xwinograd_en": {
      "acc": 0.8825806451612903,
      "acc_stderr": 0.006677731958413844
    },
    "xwinograd_fr": {
      "acc": 0.7228915662650602,
      "acc_stderr": 0.04942589299783093
    },
    "xwinograd_jp": {
      "acc": 0.6131386861313869,
      "acc_stderr": 0.01573527205814043
    },
    "xwinograd_pt": {
      "acc": 0.7376425855513308,
      "acc_stderr": 0.027178095238831277
    },
    "xwinograd_ru": {
      "acc": 0.5682539682539682,
      "acc_stderr": 0.027952495861671627
    },
    "xwinograd_zh": {
      "acc": 0.7797619047619048,
      "acc_stderr": 0.0184775010490563
    }
  },
  "versions": {
    "pawsx_de": 0,
    "pawsx_en": 0,
    "pawsx_es": 0,
    "pawsx_fr": 0,
    "pawsx_ja": 0,
    "pawsx_ko": 0,
    "pawsx_zh": 0,
    "xnli_bg": 0,
    "xnli_de": 0,
    "xnli_el": 0,
    "xnli_en": 0,
    "xnli_es": 0,
    "xnli_fr": 0,
    "xnli_hi": 0,
    "xnli_ru": 0,
    "xnli_zh": 0,
    "xnli_vi": 0,
    "xwinograd_en": 0,
    "xwinograd_fr": 0,
    "xwinograd_jp": 0,
    "xwinograd_pt": 0,
    "xwinograd_ru": 0,
    "xwinograd_zh": 0
  },
  "time_taken": 15917.027900218964
}