{
  "config": {
    "model": "hf-causal",
    "model_args": "pretrained=resources/models/llama_2_7b_hf_mt_ml6_merged,dtype=float16",
    "num_fewshot": 0,
    "batch_size": 32,
    "batch_sizes": [],
    "device": "cuda",
    "no_cache": false,
    "limit": null,
    "bootstrap_iters": 100000,
    "description_dict": null
  },
  "results": {
    "pawsx_de": {
      "acc": 0.661,
      "acc_stderr": 0.01058751848989575
    },
    "pawsx_en": {
      "acc": 0.6925,
      "acc_stderr": 0.010321101567603201
    },
    "pawsx_es": {
      "acc": 0.6805,
      "acc_stderr": 0.010429010361897313
    },
    "pawsx_fr": {
      "acc": 0.618,
      "acc_stderr": 0.010867246593514934
    },
    "pawsx_ja": {
      "acc": 0.5,
      "acc_stderr": 0.011183136021064612
    },
    "pawsx_ko": {
      "acc": 0.5125,
      "acc_stderr": 0.011179640744835734
    },
    "pawsx_zh": {
      "acc": 0.5925,
      "acc_stderr": 0.010990098549743105
    },
    "xnli_bg": {
      "acc": 0.4405189620758483,
      "acc_stderr": 0.007014544484405775
    },
    "xnli_de": {
      "acc": 0.48343313373253494,
      "acc_stderr": 0.007060833387482739
    },
    "xnli_el": {
      "acc": 0.36387225548902197,
      "acc_stderr": 0.006797842910221789
    },
    "xnli_en": {
      "acc": 0.5724550898203593,
      "acc_stderr": 0.006990143075177035
    },
    "xnli_es": {
      "acc": 0.45069860279441115,
      "acc_stderr": 0.0070302851726953665
    },
    "xnli_fr": {
      "acc": 0.5087824351297405,
      "acc_stderr": 0.00706362252621765
    },
    "xnli_hi": {
      "acc": 0.39580838323353296,
      "acc_stderr": 0.006909622580687445
    },
    "xnli_ru": {
      "acc": 0.437125748502994,
      "acc_stderr": 0.0070086338178956984
    },
    "xnli_zh": {
      "acc": 0.36207584830339323,
      "acc_stderr": 0.006790609942093568
    },
    "xnli_vi": {
      "acc": 0.37584830339321357,
      "acc_stderr": 0.006843461981812768
    },
    "xwinograd_en": {
      "acc": 0.884731182795699,
      "acc_stderr": 0.006624353863357479
    },
    "xwinograd_fr": {
      "acc": 0.6867469879518072,
      "acc_stderr": 0.05121994210658144
    },
    "xwinograd_jp": {
      "acc": 0.7174139728884255,
      "acc_stderr": 0.014547136127512824
    },
    "xwinograd_pt": {
      "acc": 0.7338403041825095,
      "acc_stderr": 0.027303685972946648
    },
    "xwinograd_ru": {
      "acc": 0.6825396825396826,
      "acc_stderr": 0.026269018848607693
    },
    "xwinograd_zh": {
      "acc": 0.6924603174603174,
      "acc_stderr": 0.02057614603593188
    }
  },
  "versions": {
    "pawsx_de": 0,
    "pawsx_en": 0,
    "pawsx_es": 0,
    "pawsx_fr": 0,
    "pawsx_ja": 0,
    "pawsx_ko": 0,
    "pawsx_zh": 0,
    "xnli_bg": 0,
    "xnli_de": 0,
    "xnli_el": 0,
    "xnli_en": 0,
    "xnli_es": 0,
    "xnli_fr": 0,
    "xnli_hi": 0,
    "xnli_ru": 0,
    "xnli_zh": 0,
    "xnli_vi": 0,
    "xwinograd_en": 0,
    "xwinograd_fr": 0,
    "xwinograd_jp": 0,
    "xwinograd_pt": 0,
    "xwinograd_ru": 0,
    "xwinograd_zh": 0
  },
  "time_taken": 14802.149710655212
}