{
  "config": {
    "model": "hf-causal",
    "model_args": "pretrained=resources/models/llama_2_7b_hf_mt_ml4_merged,dtype=float16",
    "num_fewshot": 0,
    "batch_size": 32,
    "batch_sizes": [],
    "device": "cuda",
    "no_cache": false,
    "limit": null,
    "bootstrap_iters": 100000,
    "description_dict": null
  },
  "results": {
    "pawsx_de": {
      "acc": 0.6555,
      "acc_stderr": 0.010628563316793611
    },
    "pawsx_en": {
      "acc": 0.6915,
      "acc_stderr": 0.010330403361767156
    },
    "pawsx_es": {
      "acc": 0.6775,
      "acc_stderr": 0.010454737001134045
    },
    "pawsx_fr": {
      "acc": 0.6165,
      "acc_stderr": 0.010875339604157472
    },
    "pawsx_ja": {
      "acc": 0.498,
      "acc_stderr": 0.011183046555618484
    },
    "pawsx_ko": {
      "acc": 0.513,
      "acc_stderr": 0.011179355482070379
    },
    "pawsx_zh": {
      "acc": 0.6025,
      "acc_stderr": 0.010945628277499666
    },
    "xnli_bg": {
      "acc": 0.43992015968063874,
      "acc_stderr": 0.007013525602929794
    },
    "xnli_de": {
      "acc": 0.47944111776447107,
      "acc_stderr": 0.00705873785234453
    },
    "xnli_el": {
      "acc": 0.36906187624750497,
      "acc_stderr": 0.006818164290621618
    },
    "xnli_en": {
      "acc": 0.5724550898203593,
      "acc_stderr": 0.006990143075177035
    },
    "xnli_es": {
      "acc": 0.4441117764471058,
      "acc_stderr": 0.007020440544569175
    },
    "xnli_fr": {
      "acc": 0.5095808383233533,
      "acc_stderr": 0.007063415335532709
    },
    "xnli_hi": {
      "acc": 0.3936127744510978,
      "acc_stderr": 0.006902939997053359
    },
    "xnli_ru": {
      "acc": 0.4359281437125748,
      "acc_stderr": 0.007006468181110123
    },
    "xnli_zh": {
      "acc": 0.35588822355289423,
      "acc_stderr": 0.006764908277770051
    },
    "xnli_vi": {
      "acc": 0.3782435129740519,
      "acc_stderr": 0.006852047910252824
    },
    "xwinograd_en": {
      "acc": 0.8851612903225806,
      "acc_stderr": 0.006613590439489878
    },
    "xwinograd_fr": {
      "acc": 0.6746987951807228,
      "acc_stderr": 0.05173576521112388
    },
    "xwinograd_jp": {
      "acc": 0.7122002085505735,
      "acc_stderr": 0.014627278527825315
    },
    "xwinograd_pt": {
      "acc": 0.7300380228136882,
      "acc_stderr": 0.027426689796728777
    },
    "xwinograd_ru": {
      "acc": 0.6888888888888889,
      "acc_stderr": 0.026125675418954518
    },
    "xwinograd_zh": {
      "acc": 0.6964285714285714,
      "acc_stderr": 0.020501457850821386
    }
  },
  "versions": {
    "pawsx_de": 0,
    "pawsx_en": 0,
    "pawsx_es": 0,
    "pawsx_fr": 0,
    "pawsx_ja": 0,
    "pawsx_ko": 0,
    "pawsx_zh": 0,
    "xnli_bg": 0,
    "xnli_de": 0,
    "xnli_el": 0,
    "xnli_en": 0,
    "xnli_es": 0,
    "xnli_fr": 0,
    "xnli_hi": 0,
    "xnli_ru": 0,
    "xnli_zh": 0,
    "xnli_vi": 0,
    "xwinograd_en": 0,
    "xwinograd_fr": 0,
    "xwinograd_jp": 0,
    "xwinograd_pt": 0,
    "xwinograd_ru": 0,
    "xwinograd_zh": 0
  },
  "time_taken": 15515.944088697433
}