{
  "config": {
    "model": "hf-causal-experimental",
    "model_args": "pretrained=resources/models/llama_2_70b_hf_guanaco_merged/,load_in_8bit=True",
    "num_fewshot": 0,
    "batch_size": 16,
    "batch_sizes": [],
    "device": "cuda",
    "no_cache": false,
    "limit": null,
    "bootstrap_iters": 100000,
    "description_dict": null
  },
  "results": {
    "pawsx_de": {
      "acc": 0.644,
      "acc_stderr": 0.01070931112034454
    },
    "pawsx_en": {
      "acc": 0.6705,
      "acc_stderr": 0.01051285570468548
    },
    "pawsx_es": {
      "acc": 0.6355,
      "acc_stderr": 0.010764655772803604
    },
    "pawsx_fr": {
      "acc": 0.5695,
      "acc_stderr": 0.011074574398099855
    },
    "pawsx_ja": {
      "acc": 0.5545,
      "acc_stderr": 0.011116504096687393
    },
    "pawsx_ko": {
      "acc": 0.58,
      "acc_stderr": 0.011039063840074274
    },
    "pawsx_zh": {
      "acc": 0.597,
      "acc_stderr": 0.010970673536247528
    },
    "xnli_bg": {
      "acc": 0.4479041916167665,
      "acc_stderr": 0.0070262609070242356
    },
    "xnli_de": {
      "acc": 0.49720558882235527,
      "acc_stderr": 0.00706460209553585
    },
    "xnli_el": {
      "acc": 0.4311377245508982,
      "acc_stderr": 0.0069973897397736795
    },
    "xnli_en": {
      "acc": 0.5634730538922156,
      "acc_stderr": 0.007007556190794118
    },
    "xnli_es": {
      "acc": 0.4724550898203593,
      "acc_stderr": 0.0070539839766434725
    },
    "xnli_fr": {
      "acc": 0.49660678642714573,
      "acc_stderr": 0.007064549742680752
    },
    "xnli_hi": {
      "acc": 0.4303393213572854,
      "acc_stderr": 0.006995811852811756
    },
    "xnli_ru": {
      "acc": 0.4864271457085828,
      "acc_stderr": 0.007062108993430577
    },
    "xnli_zh": {
      "acc": 0.36147704590818364,
      "acc_stderr": 0.0067881761493170135
    },
    "xwinograd_en": {
      "acc": 0.8933333333333333,
      "acc_stderr": 0.006403288503004169
    },
    "xwinograd_fr": {
      "acc": 0.7710843373493976,
      "acc_stderr": 0.046396131309998374
    },
    "xwinograd_jp": {
      "acc": 0.8227320125130344,
      "acc_stderr": 0.012338478270542868
    },
    "xwinograd_pt": {
      "acc": 0.8174904942965779,
      "acc_stderr": 0.023863462284014623
    },
    "xwinograd_ru": {
      "acc": 0.7015873015873015,
      "acc_stderr": 0.025821691360354247
    },
    "xwinograd_zh": {
      "acc": 0.7698412698412699,
      "acc_stderr": 0.018768533005904885
    }
  },
  "versions": {
    "pawsx_de": 0,
    "pawsx_en": 0,
    "pawsx_es": 0,
    "pawsx_fr": 0,
    "pawsx_ja": 0,
    "pawsx_ko": 0,
    "pawsx_zh": 0,
    "xnli_bg": 0,
    "xnli_de": 0,
    "xnli_el": 0,
    "xnli_en": 0,
    "xnli_es": 0,
    "xnli_fr": 0,
    "xnli_hi": 0,
    "xnli_ru": 0,
    "xnli_zh": 0,
    "xwinograd_en": 0,
    "xwinograd_fr": 0,
    "xwinograd_jp": 0,
    "xwinograd_pt": 0,
    "xwinograd_ru": 0,
    "xwinograd_zh": 0
  },
  "time_taken": 77850.13481402397
}