{
  "config": {
    "model": "hf-causal",
    "model_args": "pretrained=resources/models/llama_2_7b_hf_ml1_merged,dtype=float16",
    "num_fewshot": 0,
    "batch_size": 32,
    "batch_sizes": [],
    "device": "cuda",
    "no_cache": false,
    "limit": null,
    "bootstrap_iters": 100000,
    "description_dict": null
  },
  "results": {
    "pawsx_de": {
      "acc": 0.643,
      "acc_stderr": 0.010716012152766241
    },
    "pawsx_en": {
      "acc": 0.6935,
      "acc_stderr": 0.010311742870170363
    },
    "pawsx_es": {
      "acc": 0.668,
      "acc_stderr": 0.010532970698519346
    },
    "pawsx_fr": {
      "acc": 0.604,
      "acc_stderr": 0.010938547705840861
    },
    "pawsx_ja": {
      "acc": 0.4975,
      "acc_stderr": 0.011182996230990784
    },
    "pawsx_ko": {
      "acc": 0.5115,
      "acc_stderr": 0.01118017769029608
    },
    "pawsx_zh": {
      "acc": 0.592,
      "acc_stderr": 0.01099219787881859
    },
    "xnli_bg": {
      "acc": 0.430938123752495,
      "acc_stderr": 0.006996997006504654
    },
    "xnli_de": {
      "acc": 0.47365269461077847,
      "acc_stderr": 0.007054897239835083
    },
    "xnli_el": {
      "acc": 0.37025948103792417,
      "acc_stderr": 0.006822733330982844
    },
    "xnli_en": {
      "acc": 0.5720558882235529,
      "acc_stderr": 0.006990966834662744
    },
    "xnli_es": {
      "acc": 0.4283433133732535,
      "acc_stderr": 0.006991785946740261
    },
    "xnli_fr": {
      "acc": 0.5053892215568863,
      "acc_stderr": 0.007064302046492298
    },
    "xnli_hi": {
      "acc": 0.3908183632734531,
      "acc_stderr": 0.006894223630352024
    },
    "xnli_ru": {
      "acc": 0.4281437125748503,
      "acc_stderr": 0.006991376971525008
    },
    "xnli_zh": {
      "acc": 0.35409181636726544,
      "acc_stderr": 0.006757216323265887
    },
    "xwinograd_en": {
      "acc": 0.8825806451612903,
      "acc_stderr": 0.006677731958413845
    },
    "xwinograd_fr": {
      "acc": 0.6626506024096386,
      "acc_stderr": 0.05221260262032129
    },
    "xwinograd_jp": {
      "acc": 0.7090719499478624,
      "acc_stderr": 0.014674225758544704
    },
    "xwinograd_pt": {
      "acc": 0.7300380228136882,
      "acc_stderr": 0.027426689796728777
    },
    "xwinograd_ru": {
      "acc": 0.692063492063492,
      "acc_stderr": 0.026051860027264458
    },
    "xwinograd_zh": {
      "acc": 0.6944444444444444,
      "acc_stderr": 0.020539026423151474
    }
  },
  "versions": {
    "pawsx_de": 0,
    "pawsx_en": 0,
    "pawsx_es": 0,
    "pawsx_fr": 0,
    "pawsx_ja": 0,
    "pawsx_ko": 0,
    "pawsx_zh": 0,
    "xnli_bg": 0,
    "xnli_de": 0,
    "xnli_el": 0,
    "xnli_en": 0,
    "xnli_es": 0,
    "xnli_fr": 0,
    "xnli_hi": 0,
    "xnli_ru": 0,
    "xnli_zh": 0,
    "xwinograd_en": 0,
    "xwinograd_fr": 0,
    "xwinograd_jp": 0,
    "xwinograd_pt": 0,
    "xwinograd_ru": 0,
    "xwinograd_zh": 0
  },
  "time_taken": 15685.656333446503
}