{
  "config": {
    "model": "hf-causal",
    "model_args": "pretrained=resources/models/llama_2_7b_hf_ca_merged,dtype=float16",
    "num_fewshot": 0,
    "batch_size": 32,
    "batch_sizes": [],
    "device": "cuda",
    "no_cache": false,
    "limit": null,
    "bootstrap_iters": 100000,
    "description_dict": null
  },
  "results": {
    "pawsx_de": {
      "acc": 0.6485,
      "acc_stderr": 0.010678524731685578
    },
    "pawsx_en": {
      "acc": 0.6955,
      "acc_stderr": 0.010292854143686945
    },
    "pawsx_es": {
      "acc": 0.671,
      "acc_stderr": 0.010508792383460733
    },
    "pawsx_fr": {
      "acc": 0.604,
      "acc_stderr": 0.010938547705840861
    },
    "pawsx_ja": {
      "acc": 0.4995,
      "acc_stderr": 0.011183130429495185
    },
    "pawsx_ko": {
      "acc": 0.523,
      "acc_stderr": 0.011171297997523606
    },
    "pawsx_zh": {
      "acc": 0.5935,
      "acc_stderr": 0.010985864536294241
    },
    "xnli_bg": {
      "acc": 0.4369261477045908,
      "acc_stderr": 0.007008275762185453
    },
    "xnli_de": {
      "acc": 0.47644710578842314,
      "acc_stderr": 0.007056869935809589
    },
    "xnli_el": {
      "acc": 0.37025948103792417,
      "acc_stderr": 0.006822733330982845
    },
    "xnli_en": {
      "acc": 0.5694610778443113,
      "acc_stderr": 0.006996208063220079
    },
    "xnli_es": {
      "acc": 0.4411177644710579,
      "acc_stderr": 0.0070155530142995874
    },
    "xnli_fr": {
      "acc": 0.5065868263473053,
      "acc_stderr": 0.007064099379513963
    },
    "xnli_hi": {
      "acc": 0.39600798403193616,
      "acc_stderr": 0.006910222861744996
    },
    "xnli_ru": {
      "acc": 0.4275449101796407,
      "acc_stderr": 0.006990143075177033
    },
    "xnli_zh": {
      "acc": 0.3590818363273453,
      "acc_stderr": 0.006778326633315948
    },
    "xnli_vi": {
      "acc": 0.38183632734530937,
      "acc_stderr": 0.006864593835442956
    },
    "xwinograd_en": {
      "acc": 0.8843010752688172,
      "acc_stderr": 0.006635087829927857
    },
    "xwinograd_fr": {
      "acc": 0.6746987951807228,
      "acc_stderr": 0.05173576521112388
    },
    "xwinograd_jp": {
      "acc": 0.7069864442127216,
      "acc_stderr": 0.014705054728353048
    },
    "xwinograd_pt": {
      "acc": 0.7262357414448669,
      "acc_stderr": 0.02754714136350833
    },
    "xwinograd_ru": {
      "acc": 0.6857142857142857,
      "acc_stderr": 0.026198057744026414
    },
    "xwinograd_zh": {
      "acc": 0.6904761904761905,
      "acc_stderr": 0.020612819114624936
    }
  },
  "versions": {
    "pawsx_de": 0,
    "pawsx_en": 0,
    "pawsx_es": 0,
    "pawsx_fr": 0,
    "pawsx_ja": 0,
    "pawsx_ko": 0,
    "pawsx_zh": 0,
    "xnli_bg": 0,
    "xnli_de": 0,
    "xnli_el": 0,
    "xnli_en": 0,
    "xnli_es": 0,
    "xnli_fr": 0,
    "xnli_hi": 0,
    "xnli_ru": 0,
    "xnli_zh": 0,
    "xnli_vi": 0,
    "xwinograd_en": 0,
    "xwinograd_fr": 0,
    "xwinograd_jp": 0,
    "xwinograd_pt": 0,
    "xwinograd_ru": 0,
    "xwinograd_zh": 0
  },
  "time_taken": 13899.103058099747
}