{
  "config": {
    "model": "hf-causal",
    "model_args": "pretrained=resources/models/llama_2_7b_hf_fr_merged,dtype=float16",
    "num_fewshot": 0,
    "batch_size": 32,
    "batch_sizes": [],
    "device": "cuda",
    "no_cache": false,
    "limit": null,
    "bootstrap_iters": 100000,
    "description_dict": null
  },
  "results": {
    "pawsx_de": {
      "acc": 0.6505,
      "acc_stderr": 0.010664508468299673
    },
    "pawsx_en": {
      "acc": 0.698,
      "acc_stderr": 0.010268920360129568
    },
    "pawsx_es": {
      "acc": 0.6735,
      "acc_stderr": 0.010488273305862513
    },
    "pawsx_fr": {
      "acc": 0.604,
      "acc_stderr": 0.010938547705840861
    },
    "pawsx_ja": {
      "acc": 0.4995,
      "acc_stderr": 0.011183130429495185
    },
    "pawsx_ko": {
      "acc": 0.5215,
      "acc_stderr": 0.011172792428275121
    },
    "pawsx_zh": {
      "acc": 0.592,
      "acc_stderr": 0.010992197878818595
    },
    "xnli_bg": {
      "acc": 0.4373253493013972,
      "acc_stderr": 0.007008990720517865
    },
    "xnli_de": {
      "acc": 0.47724550898203594,
      "acc_stderr": 0.007057392889571967
    },
    "xnli_el": {
      "acc": 0.37564870259481037,
      "acc_stderr": 0.006842738446099852
    },
    "xnli_en": {
      "acc": 0.5696606786427145,
      "acc_stderr": 0.006995811852811741
    },
    "xnli_es": {
      "acc": 0.4415169660678643,
      "acc_stderr": 0.007016219618889261
    },
    "xnli_fr": {
      "acc": 0.5063872255489021,
      "acc_stderr": 0.007064135972593049
    },
    "xnli_hi": {
      "acc": 0.39600798403193616,
      "acc_stderr": 0.006910222861744995
    },
    "xnli_ru": {
      "acc": 0.4295409181636727,
      "acc_stderr": 0.006994215414803207
    },
    "xnli_zh": {
      "acc": 0.36327345309381237,
      "acc_stderr": 0.0067954433103816795
    },
    "xwinograd_en": {
      "acc": 0.886021505376344,
      "acc_stderr": 0.006591974642289365
    },
    "xwinograd_fr": {
      "acc": 0.6626506024096386,
      "acc_stderr": 0.05221260262032129
    },
    "xwinograd_jp": {
      "acc": 0.708029197080292,
      "acc_stderr": 0.01468968696371698
    },
    "xwinograd_pt": {
      "acc": 0.7262357414448669,
      "acc_stderr": 0.02754714136350833
    },
    "xwinograd_ru": {
      "acc": 0.6857142857142857,
      "acc_stderr": 0.02619805774402641
    },
    "xwinograd_zh": {
      "acc": 0.6944444444444444,
      "acc_stderr": 0.020539026423151478
    }
  },
  "versions": {
    "pawsx_de": 0,
    "pawsx_en": 0,
    "pawsx_es": 0,
    "pawsx_fr": 0,
    "pawsx_ja": 0,
    "pawsx_ko": 0,
    "pawsx_zh": 0,
    "xnli_bg": 0,
    "xnli_de": 0,
    "xnli_el": 0,
    "xnli_en": 0,
    "xnli_es": 0,
    "xnli_fr": 0,
    "xnli_hi": 0,
    "xnli_ru": 0,
    "xnli_zh": 0,
    "xwinograd_en": 0,
    "xwinograd_fr": 0,
    "xwinograd_jp": 0,
    "xwinograd_pt": 0,
    "xwinograd_ru": 0,
    "xwinograd_zh": 0
  },
  "time_taken": 1228.0377087593079
}