{
  "config": {
    "model": "hf-causal",
    "model_args": "pretrained=resources/models/llama_2_7b_hf_es_merged,dtype=float16",
    "num_fewshot": 0,
    "batch_size": 32,
    "batch_sizes": [],
    "device": "cuda",
    "no_cache": false,
    "limit": null,
    "bootstrap_iters": 100000,
    "description_dict": null
  },
  "results": {
    "pawsx_de": {
      "acc": 0.648,
      "acc_stderr": 0.010681996654477076
    },
    "pawsx_en": {
      "acc": 0.6965,
      "acc_stderr": 0.010283323799929125
    },
    "pawsx_es": {
      "acc": 0.6745,
      "acc_stderr": 0.010479970891894078
    },
    "pawsx_fr": {
      "acc": 0.602,
      "acc_stderr": 0.010947964603728239
    },
    "pawsx_ja": {
      "acc": 0.498,
      "acc_stderr": 0.011183046555618484
    },
    "pawsx_ko": {
      "acc": 0.521,
      "acc_stderr": 0.011173268141438302
    },
    "pawsx_zh": {
      "acc": 0.5905,
      "acc_stderr": 0.010998425236316459
    },
    "xnli_bg": {
      "acc": 0.43832335329341315,
      "acc_stderr": 0.007010757943454269
    },
    "xnli_de": {
      "acc": 0.47684630738522954,
      "acc_stderr": 0.007057133671645287
    },
    "xnli_el": {
      "acc": 0.3778443113772455,
      "acc_stderr": 0.006850629279757305
    },
    "xnli_en": {
      "acc": 0.5700598802395209,
      "acc_stderr": 0.006995015953478781
    },
    "xnli_es": {
      "acc": 0.43952095808383235,
      "acc_stderr": 0.007012840595506883
    },
    "xnli_fr": {
      "acc": 0.5073852295409181,
      "acc_stderr": 0.007063941745622636
    },
    "xnli_hi": {
      "acc": 0.3966067864271457,
      "acc_stderr": 0.006912016487823613
    },
    "xnli_ru": {
      "acc": 0.4305389221556886,
      "acc_stderr": 0.006996208063220087
    },
    "xnli_zh": {
      "acc": 0.36167664670658684,
      "acc_stderr": 0.006788988682090094
    },
    "xwinograd_en": {
      "acc": 0.8843010752688172,
      "acc_stderr": 0.006635087829927857
    },
    "xwinograd_fr": {
      "acc": 0.6626506024096386,
      "acc_stderr": 0.05221260262032129
    },
    "xwinograd_jp": {
      "acc": 0.708029197080292,
      "acc_stderr": 0.01468968696371698
    },
    "xwinograd_pt": {
      "acc": 0.7300380228136882,
      "acc_stderr": 0.027426689796728777
    },
    "xwinograd_ru": {
      "acc": 0.6825396825396826,
      "acc_stderr": 0.026269018848607693
    },
    "xwinograd_zh": {
      "acc": 0.6865079365079365,
      "acc_stderr": 0.02068483514099741
    }
  },
  "versions": {
    "pawsx_de": 0,
    "pawsx_en": 0,
    "pawsx_es": 0,
    "pawsx_fr": 0,
    "pawsx_ja": 0,
    "pawsx_ko": 0,
    "pawsx_zh": 0,
    "xnli_bg": 0,
    "xnli_de": 0,
    "xnli_el": 0,
    "xnli_en": 0,
    "xnli_es": 0,
    "xnli_fr": 0,
    "xnli_hi": 0,
    "xnli_ru": 0,
    "xnli_zh": 0,
    "xwinograd_en": 0,
    "xwinograd_fr": 0,
    "xwinograd_jp": 0,
    "xwinograd_pt": 0,
    "xwinograd_ru": 0,
    "xwinograd_zh": 0
  },
  "time_taken": 1219.084147453308
}