{
  "config": {
    "model": "hf-causal",
    "model_args": "pretrained=resources/models/llama_2_7b_hf_ml5_merged,dtype=float16",
    "num_fewshot": 0,
    "batch_size": 32,
    "batch_sizes": [],
    "device": "cuda",
    "no_cache": false,
    "limit": null,
    "bootstrap_iters": 100000,
    "description_dict": null
  },
  "results": {
    "pawsx_de": {
      "acc": 0.6475,
      "acc_stderr": 0.010685455745181684
    },
    "pawsx_en": {
      "acc": 0.6955,
      "acc_stderr": 0.010292854143686945
    },
    "pawsx_es": {
      "acc": 0.6725,
      "acc_stderr": 0.010496521494368485
    },
    "pawsx_fr": {
      "acc": 0.606,
      "acc_stderr": 0.01092893960365916
    },
    "pawsx_ja": {
      "acc": 0.4945,
      "acc_stderr": 0.011182459420867635
    },
    "pawsx_ko": {
      "acc": 0.516,
      "acc_stderr": 0.011177408788874896
    },
    "pawsx_zh": {
      "acc": 0.596,
      "acc_stderr": 0.010975072943404662
    },
    "xnli_bg": {
      "acc": 0.4373253493013972,
      "acc_stderr": 0.0070089907205178655
    },
    "xnli_de": {
      "acc": 0.47744510978043914,
      "acc_stderr": 0.007057520804475594
    },
    "xnli_el": {
      "acc": 0.37045908183632736,
      "acc_stderr": 0.006823490460500662
    },
    "xnli_en": {
      "acc": 0.5720558882235529,
      "acc_stderr": 0.006990966834662745
    },
    "xnli_es": {
      "acc": 0.44550898203592815,
      "acc_stderr": 0.007022633018897844
    },
    "xnli_fr": {
      "acc": 0.5081836327345309,
      "acc_stderr": 0.007063766092285596
    },
    "xnli_hi": {
      "acc": 0.3966067864271457,
      "acc_stderr": 0.006912016487823613
    },
    "xnli_ru": {
      "acc": 0.4315369261477046,
      "acc_stderr": 0.00699817173053888
    },
    "xnli_zh": {
      "acc": 0.3600798403193613,
      "acc_stderr": 0.00678245285886904
    },
    "xwinograd_en": {
      "acc": 0.8838709677419355,
      "acc_stderr": 0.006645792481934461
    },
    "xwinograd_fr": {
      "acc": 0.6626506024096386,
      "acc_stderr": 0.05221260262032129
    },
    "xwinograd_jp": {
      "acc": 0.7038581856100105,
      "acc_stderr": 0.014750600290668358
    },
    "xwinograd_pt": {
      "acc": 0.7224334600760456,
      "acc_stderr": 0.027665074010286835
    },
    "xwinograd_ru": {
      "acc": 0.6857142857142857,
      "acc_stderr": 0.026198057744026414
    },
    "xwinograd_zh": {
      "acc": 0.6944444444444444,
      "acc_stderr": 0.020539026423151478
    }
  },
  "versions": {
    "pawsx_de": 0,
    "pawsx_en": 0,
    "pawsx_es": 0,
    "pawsx_fr": 0,
    "pawsx_ja": 0,
    "pawsx_ko": 0,
    "pawsx_zh": 0,
    "xnli_bg": 0,
    "xnli_de": 0,
    "xnli_el": 0,
    "xnli_en": 0,
    "xnli_es": 0,
    "xnli_fr": 0,
    "xnli_hi": 0,
    "xnli_ru": 0,
    "xnli_zh": 0,
    "xwinograd_en": 0,
    "xwinograd_fr": 0,
    "xwinograd_jp": 0,
    "xwinograd_pt": 0,
    "xwinograd_ru": 0,
    "xwinograd_zh": 0
  },
  "time_taken": 14414.674371004105
}